identifier,name,path,size
"abb19dd10f7c9c2a8a099787094922ac","Coldplay - Fix You (Official Video).mp4","/home/elissonfs/Documents/Pessoal/efs-video/efs-video-batch/../efs-resources/videos/Coldplay - Fix You (Official Video).mp4","20 Mb"
"60f584ea132c1c7e83c793b80c2780d2","Eu Só Peço a Deus - Beth Carvalho & Mercedes Sosa.mp4","/home/elissonfs/Documents/Pessoal/efs-video/efs-video-batch/../efs-resources/videos/Eu Só Peço a Deus - Beth Carvalho & Mercedes Sosa.mp4","12 Mb"
"428f66cc20da11b73feadd72b1b97cff","Jason Mraz - I'm Yours (Live in London).mp4","/home/elissonfs/Documents/Pessoal/efs-video/efs-video-batch/../efs-resources/videos/Jason Mraz - I'm Yours (Live in London).mp4","27 Mb"
"857298fee90f8c92e6e71bc063b044bf","Novah - Ghost (feat Amanda Mair).mp4","/home/elissonfs/Documents/Pessoal/efs-video/efs-video-batch/../efs-resources/videos/Novah - Ghost (feat Amanda Mair).mp4","9 Mb"
"d3f26fc95b9bc95fd61168a257cee29b","Pra Não Dizer Que Não Falei Das Flores.mp4","/home/elissonfs/Documents/Pessoal/efs-video/efs-video-batch/../efs-resources/videos/Pra Não Dizer Que Não Falei Das Flores.mp4","12 Mb"
"e1b9b87984fcea8039f181739d197c0","The Scientist.mp4","/home/elissonfs/Documents/Pessoal/efs-video/efs-video-batch/../efs-resources/videos/The Scientist.mp4","6 Mb"
"68fead02375dc9f0a9a6567d1bc67a6","Try not to cry when you listen to this cover of FIX YOU by Coldplay.mp4","/home/elissonfs/Documents/Pessoal/efs-video/efs-video-batch/../efs-resources/videos/Try not to cry when you listen to this cover of FIX YOU by Coldplay.mp4","13 Mb"
"abb19dd10f7c9c2a8a099787094922ac","Coldplay - Fix You (Official Video).mp4","/home/elissonfs/Documents/Pessoal/efs-video/efs-video-batch/../efs-resources/videos/toMP3/Coldplay - Fix You (Official Video).mp4","20 Mb"
"428f66cc20da11b73feadd72b1b97cff","Jason Mraz - I'm Yours (Live in London).mp4","/home/elissonfs/Documents/Pessoal/efs-video/efs-video-batch/../efs-resources/videos/toMP3/Jason Mraz - I'm Yours (Live in London).mp4","27 Mb"
"857298fee90f8c92e6e71bc063b044bf","Novah - Ghost (feat Amanda Mair).mp4","/home/elissonfs/Documents/Pessoal/efs-video/efs-video-batch/../efs-resources/videos/toMP3/Novah - Ghost (feat Amanda Mair).mp4","9 Mb"
"e1b9b87984fcea8039f181739d197c0","The Scientist.mp4","/home/elissonfs/Documents/Pessoal/efs-video/efs-video-batch/../efs-resources/videos/toMP3/The Scientist.mp4","6 Mb"
